lm11_x,lm11_y,lm11_z,lm12_x,lm12_y,lm12_z,lm23_x,lm23_y,lm23_z,lm24_x,lm24_y,lm24_z,lm25_x,lm25_y,lm25_z,lm26_x,lm26_y,lm26_z,lm27_x,lm27_y,lm27_z,lm28_x,lm28_y,lm28_z
0.7646586298942566,0.4019675552845001,-0.43760886788368225,0.5264838337898254,0.40600237250328064,-0.4303537905216217,0.717949628829956,0.6425904035568237,-0.01385972835123539,0.6059673428535461,0.6343361735343933,0.013616068288683891,0.7478805780410767,0.5873714089393616,-0.43495503067970276,0.5565927028656006,0.543250322341919,-0.44065532088279724,0.6914993524551392,0.8074873089790344,-0.12902182340621948,0.6068296432495117,0.8199098110198975,-0.1151171550154686
