lm11_x,lm11_y,lm11_z,lm12_x,lm12_y,lm12_z,lm23_x,lm23_y,lm23_z,lm24_x,lm24_y,lm24_z,lm25_x,lm25_y,lm25_z,lm26_x,lm26_y,lm26_z,lm27_x,lm27_y,lm27_z,lm28_x,lm28_y,lm28_z
0.9445599317550659,0.3301510512828827,-0.15239864587783813,0.892325758934021,0.3646412193775177,0.11852623522281647,0.9580137133598328,0.6314405202865601,-0.07894875854253769,0.9147119522094727,0.6293986439704895,0.07932882010936737,0.8807686567306519,0.7938193082809448,-0.11242102086544037,0.8418945074081421,0.7813408374786377,0.0205229464918375,0.7584104537963867,0.9114406108856201,-0.09142613410949707,0.7837674617767334,0.901046633720398,-0.022669799625873566
