lm11_x,lm11_y,lm11_z,lm12_x,lm12_y,lm12_z,lm23_x,lm23_y,lm23_z,lm24_x,lm24_y,lm24_z,lm25_x,lm25_y,lm25_z,lm26_x,lm26_y,lm26_z,lm27_x,lm27_y,lm27_z,lm28_x,lm28_y,lm28_z
0.7750686407089233,0.8778742551803589,-0.14446185529232025,0.775155782699585,0.8879984617233276,-0.1174515038728714,0.8648837804794312,0.9233822226524353,-0.003803638741374016,0.8618320226669312,0.9289395809173584,0.00336284632794559,0.8405793905258179,0.9045014977455139,0.09856954216957092,0.8363295793533325,0.8729527592658997,0.09963515400886536,0.8694230318069458,0.8905088305473328,0.21739766001701355,0.8647978901863098,0.8916560411453247,0.23330840468406677
0.796535849571228,0.8815056085586548,-0.08451353013515472,0.8030797839164734,0.8891239166259766,0.056747883558273315,0.9061546325683594,0.9339389801025391,-0.043099358677864075,0.8992630243301392,0.9384967088699341,0.04305816814303398,0.9032548666000366,0.9727981686592102,-0.09664286673069,0.8771597146987915,0.9683132171630859,0.10065078735351562,0.9081066250801086,0.979447066783905,-0.031606316566467285,0.9058204889297485,0.9898892045021057,0.06201132386922836
