lm11_x,lm11_y,lm11_z,lm12_x,lm12_y,lm12_z,lm23_x,lm23_y,lm23_z,lm24_x,lm24_y,lm24_z,lm25_x,lm25_y,lm25_z,lm26_x,lm26_y,lm26_z,lm27_x,lm27_y,lm27_z,lm28_x,lm28_y,lm28_z
0.9489140510559082,0.36694756150245667,-0.09890855848789215,0.9148646593093872,0.37754982709884644,0.09172192215919495,0.964118480682373,0.6342536807060242,-0.05833239108324051,0.9327227473258972,0.6294229626655579,0.05839862674474716,0.895871639251709,0.7939854264259338,-0.11445971578359604,0.8769999742507935,0.7665209174156189,-0.06892826408147812,0.7816807627677917,0.9232909679412842,-0.1463187038898468,0.787458598613739,0.9081398248672485,-0.11409761756658554
